Filename,Label,Contrast0,Contrast45,Contrast90,Contrast135,Homogeneity0,Homogeneity45,Homogeneity90,Homogeneity135,Dissimilarity0,Dissimilarity45,Dissimilarity90,Dissimilarity135,Entropy0,Entropy45,Entropy90,Entropy135,ASM0,ASM45,ASM90,ASM135,Energy0,Energy45,Energy90,Energy135,Correlation0,Correlation45,Correlation90,Correlation135
freshPotato (1).png,fresh,169.6119587818004,251.3606412352894,174.85258683953037,252.6852991525002,0.5387143472123319,0.49320804810449476,0.6110460328810624,0.494228091683817,2.9053861912915857,3.860064874138809,2.636474131604697,3.881472574017409,6.0014899658099905,6.189373425671716,5.87465055293617,6.193598766563614,0.09021128428702688,0.0887042066129919,0.09036411141341776,0.0886723542887872,0.3003519340490866,0.29783251436502345,0.30060623981118184,0.29777903601292555,0.9884306836176028,0.98282105051931,0.988073217761552,0.9827305183209232
freshPotato (10).png,fresh,226.38723856408998,318.9966031073717,154.94321031066534,323.50360943777025,0.938712601966938,0.9052720981046276,0.947509383226426,0.9057125919663576,1.2224880748532287,1.7889024628428967,0.886596440802348,1.8003607522949132,1.9494428852606658,2.096233188099661,1.9051369010447086,2.094259545144242,0.5548036456115853,0.5519570671162107,0.5557025683336095,0.5519116836393919,0.7448514251926927,0.7429381314189027,0.7454546051461548,0.7429075875500208,0.9843605234885723,0.9779905488607952,0.9892956290132292,0.9776795839958198
freshPotato (11).png,fresh,197.7316765533268,368.5198662688945,242.73274675880626,376.58295579444007,0.8788111659980543,0.8128226113488572,0.8833402901143368,0.8128164789189044,2.5645869006849313,4.4130575480332865,2.775126895792563,4.446582235821706,2.7691775732198605,3.0915712893448477,2.75414874477523,3.091334243378776,0.500823049287331,0.4974502000234544,0.5000544330467591,0.4972883237635398,0.7076885256151403,0.7053014958324237,0.7071452701155252,0.7051867297131589,0.9834905330609406,0.9692671682388477,0.9797326737789381,0.9685947443167058
freshPotato (12).png,fresh,194.80707252935417,338.96392860015084,206.81103993395294,337.2574247188084,0.8698360031635884,0.7682398451078442,0.8433366437332966,0.7690118777717737,1.6666921477495107,3.0478284013924575,1.9174642245596858,3.043117941490726,3.537276130828912,3.9721382980958904,3.651760839194739,3.970748211905812,0.29975193897193103,0.29634484942727696,0.2992046790203133,0.29633511913452165,0.5474960629739094,0.544375651023516,0.546996050278531,0.5443667138377599,0.9880126923382364,0.9791499063329215,0.987273824232284,0.9792548755133184
freshPotato (13).png,fresh,205.6863189518102,325.8189919615811,175.58930100293537,305.528214888883,0.8587805363923493,0.8030955232213871,0.8945276238062986,0.8036492620051868,2.021713704745597,3.1259186354218924,1.6425360812133065,3.017432531278603,2.974125715702917,3.2129966047025884,2.821753960578353,3.2093178576370875,0.4475432138485615,0.44444734860635793,0.44798968457258387,0.4447695457579884,0.6689867067801583,0.6666688447845436,0.6693203153741741,0.6669104480797916,0.9785419260722855,0.9660452940853015,0.9816826779937399,0.9681598650135838
freshPotato (14).png,fresh,186.89078553082197,306.5189777919048,173.10213582436398,305.40875685984645,0.8825296105809812,0.817489933684651,0.8969033547684041,0.8185077930207364,1.420567820450098,2.387184485353533,1.354360322896282,2.3718046422922705,3.2551383895089883,3.5401291103412094,3.1862560445406354,3.5362929615827996,0.3087196326212064,0.3052449986319105,0.3088731539710469,0.30528009288864105,0.5556254427410667,0.552489817672607,0.5557635774059388,0.5525215768534665,0.9912959384774117,0.9857304264392357,0.9919381424723492,0.9857821112627101
freshPotato (15).png,fresh,255.87570327788654,435.17806687321206,242.10051522749512,416.9968865008942,0.7799172228232948,0.6801149995771577,0.8204307266428761,0.6793195860862147,2.7712818003913897,4.427824648343106,2.4016863380626225,4.336862986891135,4.88590799839961,5.3190746059717045,4.703763414360576,5.318210882056317,0.16961542367693228,0.16687435239422027,0.1698494879123604,0.16697317801376954,0.41184393121294416,0.40850257330183404,0.4121279994277996,0.4086235162270639,0.9860221803205356,0.9762148711068648,0.986774627766196,0.9772085832249686
freshPotato (16).png,fresh,233.47715493517615,373.08416021691073,211.4349620841487,371.27848392124724,0.8458021808557309,0.775702541309022,0.8774368402683723,0.7764595747250193,1.9444066475048924,3.0756201148126716,1.6915820694716242,3.059750077550255,3.648802124211244,3.9461251541609683,3.5097780219778274,3.9433877343696793,0.3178644862059888,0.31472385260272107,0.3180851277094303,0.3147607658811973,0.5637947199167342,0.5610025424209065,0.5639903613621693,0.5610354408423743,0.9861491477478481,0.9778786228937077,0.9874568562140248,0.9779856873325866
freshPotato (17).png,fresh,186.42940465998043,370.06310484411443,244.9833965264188,367.7164456324846,0.9135958756585629,0.830246864830112,0.8837486249124787,0.8296257275956298,1.1747951320939334,2.319461092750104,1.5172073752446182,2.318741120017157,3.2684422564215896,3.6498401107525904,3.411577230208824,3.6528209279124177,0.2573744922704133,0.2531523351727437,0.25632118074245885,0.2531337770106842,0.5073208967413163,0.5031424601171558,0.5062817207271647,0.5031240175251865,0.9912658164879306,0.98266371946923,0.9885225464778952,0.9827736529964323
freshPotato (18).png,fresh,265.01227678571433,513.0381662141307,292.98564013576316,516.2343243170791,0.9020783802900006,0.8196882518303645,0.8993733571079817,0.819493954857778,1.9611362524461837,3.806369460901268,2.166344330968689,3.8149861558434597,4.310476232405285,4.756712811004868,4.326520523975117,4.756861551018137,0.15655418891910686,0.15284291443263448,0.1561121709956119,0.15286356520630903,0.39566929236308807,0.3909512941948581,0.3951103276245913,0.39097770423172346,0.9709251391337805,0.9436932972186485,0.9678727671307616,0.9433425141069886
freshPotato (19).png,fresh,216.2008202360567,444.33314057467607,266.2881337145303,445.94511356803923,0.9089919299988344,0.8322284427878165,0.905918677480894,0.8317983143476605,1.7211694288160468,3.4515875781725707,2.024725568737769,3.4579830806407754,4.03872656570813,4.457323693494601,4.058310638889981,4.459086271464716,0.19580034605010577,0.19183246629005807,0.1951928493200229,0.1918713200260788,0.4424933288198883,0.43798683346655304,0.4418063482115472,0.4380311861341368,0.9767683187929312,0.9522467495339924,0.9713969825946689,0.9520735080107581
freshPotato (2).png,fresh,173.7258592221135,239.7298570394568,146.26656525195688,216.69407669241457,0.7566899969680512,0.7333884185639133,0.8064386073730069,0.7357231426483727,1.709194593933464,2.272034803788282,1.4132369129158509,2.1451740763860427,3.29347039052996,3.3893856594161806,3.1873936152460063,3.3775245218376884,0.3795570056799043,0.3775150739889097,0.37979092486330973,0.3778297304100462,0.6160819796747056,0.6144225532879711,0.6162717946355405,0.6146785586060785,0.991747879644825,0.9886213011591787,0.9930522185597367,0.9897146868991501
freshPotato (20).png,fresh,134.12769462451075,198.4686984195067,105.96612035225046,204.90033739147754,0.9245621016632605,0.8991754921934224,0.9491541624840731,0.8984861735546796,1.1203407840019568,1.6329402843892296,0.8418542074363989,1.689963656695555,1.6766885720286129,1.7874320887076065,1.576849060574324,1.792333108381801,0.6797171714875889,0.6774639064237666,0.6805633440964758,0.6772241238993538,0.8244496173130224,0.8230819560795672,0.8249626319394568,0.8229362817979007,0.9848754579883455,0.9776551347500825,0.9880517905871828,0.9769310200291756
freshPotato (21).png,fresh,156.8974437377691,225.0873579681451,113.17419123043054,224.53366829937082,0.9518182231981466,0.9260029302731337,0.9549452753364331,0.9260437847407489,1.1350446428571426,1.653218239819854,0.8245551002935421,1.6465929588198576,1.1826749258434253,1.293200509780354,1.1626941326322509,1.2926967873726944,0.7692938042365599,0.7671641418640568,0.7705042657523438,0.7671239360108066,0.8770939540531333,0.8758790680590882,0.877783723790971,0.875856116043501,0.9622981730472364,0.9460043044473968,0.9728046969947336,0.9461371278056502
freshPotato (22).png,fresh,135.39738258317027,243.68833988840424,156.37450694104695,240.9620176086947,0.909440848338807,0.8558628751306697,0.9088113112739299,0.8560167985509212,1.2719392123287676,2.2753091478663148,1.4312125428082187,2.253380616648986,2.3037531763965733,2.5393511860302964,2.3124136497114116,2.537872796684463,0.5612781640769946,0.5578048864291776,0.5607400699698324,0.5580279520618401,0.7491849999012224,0.7468633653012963,0.7488257941402876,0.7470126853419827,0.9710840300161783,0.948030435130399,0.9666040811925202,0.9486118572149996
freshPotato (23).png,fresh,154.63528926125238,293.93431397704506,190.29719606164383,282.1222115417757,0.8687558210773149,0.7777625823040746,0.8565239517451958,0.7765796117791361,1.3158711472602735,2.553904128737252,1.65674688111546,2.4865407225002967,3.8530212728151993,4.228309343298616,3.916945876894378,4.231001214963794,0.251657987449808,0.24809000226055825,0.2508677193644084,0.24819404109844512,0.5016552476051735,0.4980863401666003,0.5008669677313612,0.4981907677772091,0.9748605405931382,0.9522320523032008,0.9690669274018481,0.9541516644903005
freshPotato (24).png,fresh,232.6696008133561,364.59590381470656,164.48179121819956,368.34844765453556,0.8996949441542323,0.8197193224748636,0.901337600989266,0.819515925598215,2.019695602984344,3.372501637172038,1.660255626223091,3.397072621504972,4.183438093342517,4.6188948194457184,4.171148922488007,4.62024239457392,0.1775580326676235,0.1748383303543717,0.17853545466184859,0.17476777672687346,0.42137635513590876,0.4181367364324399,0.4225345603164889,0.4180523612262864,0.9727286207763153,0.9572300732131005,0.9807082254063813,0.9567898707214796
freshPotato (25).png,fresh,100.63841579011739,159.08411043156235,100.76817056017612,159.10513516722128,0.9853767429136823,0.9760010191820726,0.9846802129592409,0.9762042320465486,0.5260442147749509,0.8540714841012402,0.5360659246575341,0.851980499461935,0.4408291185956214,0.48038843237172085,0.44214368018565947,0.4799982508078487,0.9133787963061473,0.9109415075513482,0.9133783547513705,0.9109561737327009,0.9557085310418377,0.9544325578852327,0.955708300032688,0.9544402410484906,0.9280115638044419,0.8864177164948546,0.92791875169568,0.8864027053320187
freshPotato (26).png,fresh,137.6189151174168,235.6406263762776,152.02331519080232,236.73367519272665,0.9330176476499601,0.8930728648462108,0.9318989861642722,0.8928278732785999,1.1233258928571428,1.944500825287893,1.2381130748532285,1.9538068558254598,1.6940086103246452,1.8655728331587742,1.7015977535146627,1.8664882175672957,0.6634671527098601,0.6603971670961513,0.6630305152755828,0.660316050930019,0.8145349303190503,0.8126482431508427,0.8142668575323343,0.8125983330834607,0.9640599577848374,0.9385429126700032,0.9603068608772437,0.9382578362058911
freshPotato (27).png,fresh,124.69299626956942,180.15917524825656,86.69623746330721,177.3782192929714,0.8921923570174984,0.8285547107475707,0.8927095085050553,0.8291465962484444,1.3027611301369855,2.029021028565301,1.070962267612524,1.9919960478092527,2.5708804438111095,2.827905196384789,2.563512391200937,2.8237345829154914,0.4709558820935034,0.4681102555443558,0.4716224772380455,0.46827430054791813,0.6862622546035178,0.6841858340716767,0.6867477537189659,0.6843057069380016,0.9827080961873107,0.9750437504934896,0.9879784695359287,0.9754289777825856
freshPotato (28).png,fresh,94.68531372309197,167.23324818762185,110.32240322284733,170.05777781181905,0.9246778522551626,0.8789381318256463,0.9229905709433985,0.8788623037539122,0.9499296722113504,1.6958383278250317,1.0981645976027394,1.72325090666779,1.9497946821892824,2.14644674112144,1.9632787240284462,2.1484049965712395,0.6096934848850131,0.6062837356188351,0.6089248319979511,0.6061522218213273,0.7808287167394736,0.7786422385273195,0.7803363582442837,0.7785577832257072,0.9726014429088975,0.9516730315850184,0.9680722805120667,0.9508568006296604
freshPotato (29).png,fresh,149.45685543052832,268.4505803822748,165.2211732509785,266.60437881288743,0.8268936219952921,0.7087000598413541,0.8121419050468477,0.704624357234061,1.4983870474559686,2.6685023418262026,1.6419092465753427,2.704179288529072,5.033341477575973,5.504252216210321,5.087758174930415,5.521983929224065,0.098050912214577,0.09541073071472946,0.09772918782222195,0.09528872709292435,0.3131308228433876,0.3088862747270093,0.31261667873327226,0.3086887220047476,0.9815396318178762,0.9667995957197092,0.979595763721395,0.9670279231772222
freshPotato (3).png,fresh,199.4188554916829,266.73508833069724,191.63479620229936,269.3624143596264,0.638959707508143,0.6253712085772489,0.6996441751561799,0.6263135327434359,3.769837022994128,4.562233600514703,3.2259777091487267,4.535288238019923,4.232987108534146,4.320420471786439,4.122137342545335,4.3162708627960225,0.3284530092325038,0.32643072491274094,0.32826397098410337,0.3263443325077846,0.5731082002837717,0.57134116332778,0.5729432528480489,0.5712655534055809,0.9867845092800287,0.9823338269176656,0.9873002686552297,0.982159816079192
freshPotato (30).png,fresh,72.24069303449116,115.28258546803971,69.13740291707433,113.37084340210092,0.9459257590420791,0.913389865366673,0.9455693242189703,0.9139362963244853,0.758871238992172,1.2513738841380047,0.7387972419275928,1.2265501434200998,1.4600184200526847,1.6000569713957657,1.461482087656464,1.5961835310617718,0.7153453235681072,0.7126556953359333,0.7154808811402188,0.7127594674037147,0.8457808957218809,0.8441893717264707,0.8458610294488207,0.8442508320420624,0.9744995029391517,0.9593729435847488,0.9755993405872951,0.9600466659205981
freshPotato (31).png,fresh,109.34019156678082,193.30375190045993,128.22001895792562,192.61377292519555,0.9510178830996926,0.9206218955647324,0.9489272939871117,0.9206764303238947,0.8315381910469667,1.5114410560621319,0.9926155821917804,1.5024720340378597,1.2843366615684075,1.4171464175999187,1.2977924080932335,1.41652417864383,0.7444792359663457,0.7413132403963962,0.7437129230785529,0.741372412922908,0.8628321018404135,0.8609954938304824,0.8623879191399616,0.8610298559997255,0.9521383953043009,0.915527240442653,0.943874109555951,0.9158287577567459
freshPotato (32).png,fresh,127.3055895303327,206.31426043864724,130.0653436888454,213.97741277032492,0.9041449456489289,0.8484971134387611,0.9051896252870414,0.8483588828313005,1.3053754892367904,2.1387249589270874,1.2970049535225048,2.187338436969834,2.3627081076491283,2.596501058167186,2.354598294229624,2.5967679407599706,0.5319963487756186,0.5289762143481245,0.5318701938367345,0.5287035512184092,0.7293807981950297,0.7273075101689275,0.7292943122201999,0.7271200390708601,0.9679831770806437,0.9481806212513353,0.9672891167877953,0.9462558886020285
freshPotato (33).png,fresh,163.25777427837568,318.4020588156448,209.13397443737767,310.0476484082091,0.8639015543254518,0.7729412173075438,0.85486531078256,0.77269811929494,1.4322330601761248,2.782074210806484,1.7925788894324846,2.724713829986863,3.9023565457498512,4.283957126506387,3.9496042478154108,4.282676195534176,0.2639375195909781,0.26040371769809484,0.26311180643180127,0.26052456927841644,0.5137484983831857,0.5102976755758298,0.5129442527524811,0.5104160746669489,0.9805308448536852,0.962046099458281,0.9750683374211956,0.9630419550217407
freshPotato (34).png,fresh,86.8279874021526,139.42617024291417,89.34952528742659,138.5586413961343,0.9458826994979048,0.9061527660329922,0.9387220117069218,0.9063924070732506,0.7045621330724069,1.209665250975601,0.770368303571428,1.198007820129365,1.7789991552267708,1.9503831609902083,1.8081021275684517,1.9492503912909425,0.6177777184250565,0.61431897850788,0.6174886730013712,0.6143740999185229,0.7859883704133647,0.7837850333528192,0.7858044750453965,0.7838201961665207,0.9387520343835984,0.9017088827864475,0.936913268587227,0.9023204636641001
freshPotato (35).png,fresh,120.87535163894321,187.77673951922674,113.22073752446184,192.19888863783456,0.9480514259504004,0.9182844800700571,0.9485569164937572,0.9182140880834145,0.968765288649706,1.5406727149482426,0.9129311399217219,1.5584039583181744,1.3339941559011865,1.4635656644729946,1.3312361077861723,1.463277886179617,0.7416743792229936,0.7392032400915243,0.741925396634504,0.7391177450721926,0.8612051899651985,0.8597692946898745,0.8613509137596035,0.8597195735076599,0.9606057320608643,0.9389043772886844,0.9631004361848013,0.937465573127874
freshPotato (36).png,fresh,115.70615597480428,198.2043382186803,126.7775883683953,198.85749901386714,0.9405932130886716,0.9053129711888788,0.9397769727731501,0.9050668996242406,0.9785538466242658,1.6968033976585575,1.077222969667319,1.7044856599047955,1.504132001438304,1.6561214714187806,1.5107668454073664,1.6569692087615402,0.6985932850145515,0.6954750376641718,0.6981906408409372,0.695404535478227,0.8358189307586611,0.8339514600168116,0.8355780279787981,0.833909188987762,0.9577212038910172,0.9276816657782035,0.9536683375045774,0.9274433485894302
freshPotato (37).png,fresh,91.93203812989233,150.33660257122176,89.95831931873776,145.03942616641325,0.9421657437397248,0.9088311469134188,0.9432968368422272,0.9096829820273409,0.9724842526908021,1.5907950720164215,0.9205334209882583,1.5340550932326389,1.5138119529435645,1.66130837799831,1.5066853290603797,1.655461042135703,0.7136420635691295,0.710664439920255,0.7138815799943827,0.7110392987256132,0.8447733800074014,0.8430091576728304,0.8449151318294534,0.8432314621298314,0.9671554059543979,0.9463666846410982,0.9678534811322554,0.9482564781296546
freshPotato (38).png,fresh,160.38425727739727,258.80949444893366,151.72036295254406,245.73440665438625,0.938625862441083,0.9031192813379567,0.9395989432663355,0.9038611319976018,1.208063233855186,1.9743107601456793,1.1394783512720157,1.8728865162127897,1.5159234090302787,1.6681587515680283,1.5112609032552962,1.6624439867920873,0.6933879412420172,0.6902324225647459,0.6935741663664834,0.6906657888156219,0.832699190129315,0.830802276456165,0.8328110027890382,0.8310630474372097,0.9538926446881228,0.9257154078619302,0.9563884140817936,0.9294682746802653
freshPotato (39).png,fresh,156.5914375917319,294.5868199034165,192.34655546722112,294.6585108053355,0.8575696520816324,0.757463390157244,0.8461543135601803,0.7567970436460237,1.3488602311643838,2.554114759058061,1.6329042318982387,2.558181839070776,4.6836295103393315,5.109620361441085,4.744111219234877,5.111819869929476,0.11662162400403736,0.11371574358555289,0.11597756778020006,0.11366232182145093,0.34149908346002533,0.33721765016907534,0.34055479409369654,0.33713843124368204,0.9699909041772865,0.9435215801202258,0.9631810860174103,0.943507835483377
freshPotato (4).png,fresh,197.99126253669272,228.85577184523646,139.33471440802344,217.26485422466982,0.7822318988163293,0.7421184352391623,0.7991387826024534,0.7492311526212785,1.9200097847358117,2.361885869003259,1.5340248899217217,2.26168711057326,3.755133083735886,3.890447601337867,3.7063104269411458,3.868503990789449,0.3209279314730729,0.3193806796649855,0.3218501673961637,0.31945433842640814,0.566505014517147,0.5651377528222526,0.5673184003680505,0.565202917920996,0.9777484541554705,0.9742968620432197,0.9843406585439093,0.9755986555363226
freshPotato (40).png,fresh,236.39090401785708,356.81747159362897,181.81538191046968,346.40089843405923,0.8403224469269248,0.7462148460614969,0.8501920254362817,0.744623422842778,1.7979490276418781,2.7786849774625555,1.426438661937378,2.7207424910290623,4.937062697012582,5.320580548625393,4.884756127929059,5.322991777063018,0.09302434411741843,0.09073705614389982,0.0935976807309948,0.09076159802564475,0.3049989247807579,0.30122592209818166,0.3059373804081397,0.3012666560136464,0.955610448309728,0.932894909504931,0.9658350091899671,0.9348539085455316
freshPotato (41).png,fresh,134.7573003302348,192.23128741081715,98.29992508561642,196.72819114510128,0.9333194136679095,0.8948234962071424,0.9349150104103574,0.8948366633538386,1.0596563111545985,1.585249750115846,0.8356011497064577,1.6080284619008043,1.6716361830906064,1.827401977103314,1.658963309847998,1.8273970267579185,0.6486321385435126,0.6461077028392178,0.6492517917769546,0.6460468963778913,0.8053770163988495,0.8038082500442614,0.8057616221792613,0.8037704251699557,0.9798651808804011,0.9713207458486169,0.9853124750479667,0.970649846502174
freshPotato (42).png,fresh,142.4137911264677,254.36958727946046,166.87646771037177,257.92484327189305,0.9227486874407692,0.8757718300430131,0.9205908459734151,0.8755268019696297,1.1858602923189823,2.125470567284898,1.3773162304305278,2.1481880047947115,1.9380721374831935,2.1394109948482622,1.9532150476768517,2.1404245518434406,0.6102700272885312,0.606691460502665,0.6096754281141675,0.6066255184656482,0.7811978157218127,0.7789040123806431,0.7808171540854923,0.7788616812153799,0.9661858282693824,0.9396916360412785,0.9603832413475017,0.9388487220960571
freshPotato (43).png,fresh,85.10982601516633,162.7895573316585,108.32548006360079,164.35221219281476,0.9330689478823326,0.8929741894008539,0.9324690698014304,0.8932991886650226,0.9337160591976518,1.7102722492637514,1.0911509295499022,1.710463731373577,1.7570963287236991,1.9365687687018198,1.7633947940357526,1.9345499694132837,0.6613263680254213,0.6582596268019074,0.6605925526853561,0.6583157665646581,0.8132197538337478,0.8113320077513936,0.8127684496124072,0.8113666042946666,0.973531769779599,0.9494537057116509,0.966322294111912,0.9489685000646927
freshPotato (44).png,fresh,104.49609757216241,189.89789407975616,124.51195190190799,190.42420180682515,0.8685981882166873,0.7813921012552799,0.8598301759322862,0.7814843448762705,1.3008385824363993,2.3916728260078663,1.560929091242661,2.4074432925731744,3.696613227085746,4.077091129174381,3.748887662404652,4.07929778334711,0.2744123260977103,0.27096446229418075,0.273650427479404,0.27084607949779527,0.5238437993311654,0.5205424692512425,0.5231160745756185,0.5204287458411528,0.9658709076004229,0.938022654743903,0.9593411520151557,0.9378508826667582
freshPotato (45).png,fresh,96.82517429060663,161.9308672990682,105.810466609589,162.93869125807578,0.964236402836683,0.9407231162268086,0.9619966232230752,0.9409392051787696,0.6547134907045008,1.1513053335426868,0.7454898483365947,1.1533273846224548,1.0609873671395946,1.1595394159173362,1.068528219549761,1.1586197316396574,0.7882403645594015,0.7853085533088672,0.7877836999023916,0.785349331655648,0.8878290176376313,0.8861763669320386,0.8875717998575617,0.886199374664442,0.9730054537566749,0.9549321318597932,0.9705040081587061,0.9546516388441584
freshPotato (46).png,fresh,122.98495596868881,210.6349929726066,130.9697131849315,203.92379012028903,0.9144854437465926,0.8640984634692849,0.9149244108520694,0.8644230653741216,1.1553479696673186,2.00065103917341,1.2193844789628179,1.9507201642150573,2.2102235941641033,2.4258270139261082,2.2111080765839417,2.42401715627135,0.5711540582920777,0.5678341071617311,0.5710236471595866,0.5682496515430787,0.7557473508336484,0.7535476807486909,0.7556610663250997,0.7538233556630352,0.975360316255072,0.9578593017374897,0.9737668064595293,0.9592019788035687
freshPotato (47).png,fresh,115.95226119129156,168.9902114345456,82.93579149339526,167.18694781346574,0.8921557761809151,0.8286365425556412,0.8937138948600403,0.8281167116902098,1.2894447162426612,2.034508905832927,1.0966739542563595,2.0216106709150163,2.9694153924884343,3.2428712431985556,2.9585807625155347,3.2425290776184528,0.44146173914790493,0.43868396204279947,0.442025717174165,0.4388304696123287,0.6644258718231139,0.6623322142571653,0.6648501464045601,0.6624428047856876,0.9881616431704131,0.9827658776407141,0.9915325199454761,0.9829497798065727
freshPotato (48).png,fresh,71.32869832436398,114.8156065578793,65.29386313600783,112.27575721600333,0.9230734146639253,0.8752591569879848,0.9218178640018269,0.8768583662026408,0.897038588551859,1.5001397819401734,0.853939885029354,1.4460039598500314,2.1858273474077587,2.394118076472136,2.190534966450191,2.3848389094280353,0.5856375206501134,0.5830314913063817,0.5859352373988184,0.5832018280849741,0.7652695738431742,0.7635649882664747,0.7654640666934134,0.7636765205798683,0.988787976165182,0.9819771489562578,0.9897384905323041,0.9823758345333713
freshPotato (49).png,fresh,125.90492753180035,209.93483480838384,124.93978565313111,197.5904810413563,0.9427778292706342,0.908764811563154,0.942538709315144,0.9095002221994278,1.0214041095890407,1.7280264704868622,1.020769630626223,1.6273068807181343,1.4346053604474742,1.580605494738131,1.4351241716132068,1.5744054724446994,0.7094678776339087,0.706334683530376,0.7094477379881893,0.706747180621132,0.8422991616010957,0.8404371978502475,0.8422872063543345,0.840682568286706,0.9621296157897142,0.9369567646064358,0.9624199222007057,0.9406637625471372
freshPotato (5).png,fresh,263.1771725171234,489.59126611800656,295.85538848458907,488.3205448814916,0.801584628821181,0.5791887541859029,0.6823503132255291,0.579581310073422,2.80156097113503,5.4475243278020535,3.4932615276418786,5.428958222433278,5.7344993146043395,6.682961072103316,6.227365095766378,6.679342410280161,0.05863159349413998,0.055781132402982984,0.057725772320568886,0.05577096526400512,0.24213961570577414,0.2361802963902429,0.24026188278744692,0.23615877130440258,0.9804029233173023,0.9634681343842724,0.9779696608468562,0.9635629518793136
freshPotato (50).png,fresh,79.2111553632583,121.37541216524137,64.51972235812131,117.2823671784345,0.9664993930236726,0.951774279285434,0.9745258484629206,0.9523021701549383,0.5716464346868884,0.8990965874058384,0.47732693248532276,0.8646681040590376,0.9183417988631598,0.9848709363508582,0.8860039509152641,0.9814192934246577,0.8152320871282988,0.8131777010805713,0.8158210773809791,0.8133578544769329,0.9029020362853872,0.9017636614327345,0.9032281424872561,0.901863545375315,0.9855753506526215,0.9779359057980539,0.9882507156015167,0.9786799554251627
freshPotato (51).png,fresh,149.39661050636008,197.22676843302528,105.49861255503916,171.24649874962182,0.5621319004256676,0.5380726855754377,0.6541104351235834,0.5403107084823717,3.441108121330724,4.251580684816616,2.553659338307241,4.080135262962382,5.335995406999879,5.465307601376597,5.126650580626423,5.45311430456265,0.18375731205711174,0.18209812193484737,0.18432136937331556,0.18244939386742665,0.4286692338588247,0.4267295653395103,0.42932664647482055,0.4271409531611628,0.9819349691831449,0.9761467763800362,0.987243506005705,0.9792889116357565
freshPotato (52).png,fresh,126.97348948140899,198.49924364566616,140.08450418909,186.10115999862134,0.5998548019185312,0.5672835552109842,0.6429508688611372,0.567334790581847,2.6488579378669277,3.469452859019382,2.4439403436888454,3.421988273635594,5.215813161126311,5.353764839035287,5.131438555138296,5.3563393553113015,0.1827001814199962,0.18083758180319004,0.18257355161798489,0.18091182270847592,0.42743441768298934,0.425250022696284,0.4272862642514792,0.42533730462831015,0.9928381715808547,0.9887996662382835,0.992098656632052,0.9894992289786866
freshPotato (53).png,fresh,213.11081977739724,228.60241037679847,124.39046446917811,231.73605340053084,0.8176697139609476,0.7939924751290423,0.8370590685094677,0.7987887827859275,1.6454179916829745,1.8971664477387875,1.1233182485322897,1.8903650031977517,3.044885157413223,3.128961705828313,2.9919342687925177,3.115580822960013,0.4629729497435495,0.4616553088370378,0.4639320855337525,0.4616535445054009,0.6804211561551783,0.6794522123277235,0.6811256018780621,0.679450913977898,0.9816993929127331,0.9803915261810764,0.9893178516881124,0.980122736551573
freshPotato (54).png,fresh,147.4802394202544,236.04538891931327,172.5344606164383,192.08717031567738,0.8343231702841964,0.7873717316533603,0.7926137319887094,0.7892708873111908,2.322682240704501,3.4654279050708294,2.817262414383561,3.112434465247911,2.5424967604725155,2.6751574960799163,2.623379833325169,2.6558056624419093,0.5857355444592209,0.58336403194289,0.5854032425838408,0.5843769979916502,0.7653336164439799,0.7637827125190056,0.7651164895516505,0.7644455493961949,0.977894681833282,0.9646709093905732,0.9741393886961263,0.971250168977837
freshPotato (55).png,fresh,263.40499633072403,331.29397099429,197.3254074425147,333.24610046683335,0.7125227425412725,0.6866577128339706,0.8149809075472633,0.6866397105504422,5.0756405944226985,5.937098126922002,3.515988105430528,5.92585429743299,3.750586802474713,3.851573385681835,3.405556459206119,3.851006376357731,0.41332208222904715,0.41119473491802816,0.4136284822236553,0.4110082136806016,0.6429013005345744,0.641244676327241,0.6431395511268572,0.6410992229605349,0.9743980583638203,0.9678288595858423,0.9808201868326063,0.9676392931075289
freshPotato (56).png,fresh,163.31079149339533,245.85397957268847,161.8663619129158,206.3281275730408,0.6488397182834174,0.6308175564669752,0.6985513337634883,0.6316243204880247,3.335803724315069,4.362655627084761,3.0293159858121324,4.149421149581994,4.4184298264845365,4.536267676348724,4.339542110391811,4.526489556246435,0.3171627087291972,0.31496611803458213,0.31705635358129125,0.3155342885311472,0.5631720063437078,0.5612184227505207,0.5630775733247518,0.5617243884069368,0.9825725805724617,0.9737832140988725,0.982726983687916,0.9779980769261307
freshPotato (57).png,fresh,262.427814640411,310.84437865970176,310.1168014615949,397.2208861026114,0.6242381188601024,0.5817715315106754,0.6084664376396013,0.5717197958126137,3.016312989236791,3.7187932031510296,3.432053418542074,4.323432431707905,4.625799346575699,4.7742376858341276,4.689809656305192,4.830505825281911,0.20579443076844228,0.2042962197423361,0.20553170704952917,0.2036085377564279,0.4536457106249791,0.45199139343834427,0.4533560488727697,0.45123002754296826,0.9248412425480058,0.9109751889500516,0.9111832280724214,0.8862372403745757
freshPotato (58).png,fresh,145.97129556017606,271.63501978010197,186.13749847113505,243.2538401737126,0.8153524841792391,0.7349005878395553,0.8120671103148738,0.7361407228088556,2.177164872798434,3.6729868528383394,2.5068646037181996,3.5053710731806325,3.445660124072702,3.7485889332257045,3.469826950867678,3.7409598074270796,0.4074638854827251,0.40428699870703183,0.40666086880882,0.4048038736659473,0.6383289790403731,0.6358356695774717,0.6376996697574965,0.6362419930073362,0.9847298841918156,0.9716128566470205,0.980528081586231,0.9745788240494029
freshPotato (59).png,fresh,272.7921011191292,454.89573033191516,322.6268231714775,435.1552345464364,0.5719699732514832,0.3237639282893751,0.33840931811042224,0.32546407820163237,4.855709546232877,8.338494414466856,6.93403329867906,8.129120216298192,6.535164340278549,7.237166162730889,7.103611737457875,7.220868233173745,0.055152682142738226,0.05326410369552182,0.05440378985821194,0.053326388645039656,0.23484608181261662,0.23079017244137978,0.23324620009383204,0.23092507149514896,0.9644179807067534,0.9404813702717975,0.9579159121513994,0.9430642198809809
freshPotato (6).png,fresh,203.6976210861057,318.7628417476956,174.96354803693737,315.8915253847832,0.8943273644662791,0.8337786268824335,0.8969014183003491,0.8338298294503687,1.8852128180039138,2.9911037411774624,1.6620787977005866,2.9770298061052154,2.6319459280990634,2.9055227607671434,2.6172168313038733,2.905197565035574,0.5041689497602752,0.5012602879470475,0.5047476706540849,0.5012224023755371,0.7100485545089682,0.7079973784888243,0.7104559596865135,0.7079706225370775,0.9824865478936888,0.972624643718756,0.9849568338091066,0.9728708655474769
freshPotato (60).png,fresh,174.00611545988255,228.0724721489271,151.11734803082192,207.5830362169262,0.6925631403588369,0.6598947765488926,0.7344941999936969,0.6614463407532545,2.4492263943248536,3.091785034524224,2.0992997798434443,2.9502644367936686,4.342726677512568,4.470339572074665,4.249254477062568,4.453363548694897,0.27630906184276677,0.2740642582352951,0.27619174532579327,0.2744053452755103,0.5256510837454507,0.5235114690580285,0.5255394802731697,0.523837136212688,0.9829043627065931,0.9776021152227258,0.9851531245239461,0.9796142827624215
freshPotato (61).png,fresh,258.65748073630135,329.7676977340006,154.326431782045,332.5361384185875,0.7820153745781865,0.7022765440526925,0.7875956320404415,0.7027971153688469,2.8071107509784734,3.9216110538792357,2.253619587818004,3.9064992857717304,3.7315779220099667,4.002851376680965,3.6950544940599577,3.9998238039678706,0.339331908840702,0.3371596095240733,0.3403072262657985,0.3371736267792061,0.582522024339597,0.5806544665496627,0.5833585743484007,0.5806665366449199,0.9809770309255875,0.9757624547063931,0.9886500610878352,0.9755589775103353
freshPotato (62).png,fresh,195.75220920988258,246.62588608346329,170.12994587818002,237.720428460369,0.83679865740706,0.8142903874172962,0.8186413271849344,0.8141649161442617,2.287923495596869,2.917681840985597,2.3578308463796476,2.871006161894295,2.1956132529228345,2.2585608505945998,2.2244470712670514,2.2579964201380047,0.6227998895350881,0.6213776580756355,0.6230146552409934,0.621456058861028,0.7891767162905201,0.788275115727774,0.789312774026237,0.7883248434884111,0.9783022400148655,0.9727028749686707,0.9811422882691927,0.9736885516713856
freshPotato (63).png,fresh,182.8312668175147,295.607798683369,205.3958613625244,281.5454061527032,0.779088475493216,0.6949169643508564,0.7741039138825829,0.6963393540720021,2.0531968566536207,3.240865345950728,2.1983090753424652,3.1384377357623476,3.9662021951265523,4.2371205240595895,3.9821805280271314,4.231019163274967,0.2993065769265783,0.29672940529187386,0.29904207696683516,0.29700284720198383,0.5470891855324672,0.5447287446903035,0.5468473982445515,0.5449796759531348,0.9789511430143378,0.9659852122161529,0.976353343787844,0.9676033335911449
freshPotato (64).png,fresh,197.96065083781798,260.5904312560078,163.75056950220159,260.8935091394411,0.7318558045438052,0.6473145736013354,0.6771739401964924,0.6485658458505578,1.9386351822407044,2.8119913756457735,2.083395761986301,2.8034742514006914,4.090516784764687,4.3258014736878465,4.2042018539763015,4.32107051362783,0.22584685765208787,0.22376717892088682,0.22567903457311975,0.22374148044381603,0.47523347699008733,0.47304035654570403,0.4750568750929932,0.4730131926741748,0.9897894265310079,0.9865567366977224,0.9915539415867988,0.9865411016041067
freshPotato (65).png,fresh,146.72248043052835,210.50072571719625,164.0802730552837,215.13256306463282,0.7781626699128169,0.7535305150637884,0.777396170917535,0.7519326723113302,1.7171370474559688,2.377564424155851,1.8570511252446176,2.4211610709211433,3.0475656181914665,3.146722411894414,3.0546282490979917,3.151675270645863,0.4468084658527714,0.4448569535524884,0.44620768209931577,0.4447169261961375,0.6684373312830242,0.666975976743157,0.6679877858908169,0.6668709966673746,0.9901152479712784,0.9858328607310646,0.9889458465587735,0.985521128386444
freshPotato (66).png,fresh,195.50760610322894,263.7439960784464,183.25928021037177,271.63011017880604,0.6373520366719434,0.6245380187621543,0.6995007677157554,0.6248609128506768,3.7689426369863,4.572148544161519,3.1858182485322883,4.566549607270194,4.2374629590729755,4.323217746333591,4.121418655470976,4.319056468369185,0.3280104305527035,0.32601066849480115,0.32777475081114965,0.3258848822211741,0.5727219487261715,0.5709734393952149,0.5725161576856583,0.5708632780457805,0.9870859439340148,0.9825889147344492,0.9878949946428209,0.9820683121537013
freshPotato (67).png,fresh,185.4189510457436,253.5936634740217,234.03988044275934,310.73907115858174,0.7533987461461664,0.7160455211021325,0.7494419908801141,0.7145246214759151,1.8475759845890407,2.5190811922442093,2.1227372798434447,2.7845826264452116,3.713284465685895,3.8452114660175316,3.7322138647750673,3.853575003000459,0.3241910477444526,0.3224437335697006,0.3235753813233337,0.32172207240249057,0.5693777724362382,0.567841292589488,0.5688368670570972,0.5672054939812295,0.9897047351220452,0.9859267315940818,0.9870051552733988,0.982755427352906
freshPotato (68).png,fresh,196.92168771404107,317.03195836413005,189.31219804916827,327.0498351339034,0.8196605156981136,0.7407359294435366,0.8492159810386543,0.7399188908192729,1.768610108855186,2.761685195752161,1.6060688295009784,2.8412421827428664,3.943154846768927,4.241191809001151,3.8250840830038673,4.247855861726264,0.241708010284564,0.23886204950089046,0.24202386789309005,0.23865151856531014,0.4916380887243827,0.4887351527165715,0.49195921364793044,0.4885197217772381,0.9883117547518211,0.9811826811884594,0.9887636424020088,0.9805880736859092
freshPotato (69).png,fresh,133.28509509540118,229.16765407607966,192.6035385579745,239.81471808088966,0.7871368113821585,0.6901050283524007,0.7156175295315081,0.6907434593679034,1.4298174535225048,2.4413088185170864,2.017929763943248,2.4676108011228504,3.7002854534033442,3.9541944703769216,3.850181380252089,3.9474547657036356,0.29027225976143306,0.2875661418958866,0.28897185385902635,0.2874481021409683,0.538769208252878,0.5362519388271585,0.5375610233815565,0.5361418675509014,0.9932439774549952,0.9883874282871556,0.9902375383824511,0.9878479115094254
freshPotato (7).png,fresh,223.76518927348337,347.35268323880496,184.4098581213307,338.326454019401,0.8971520692854273,0.8566600736284435,0.9221508477595146,0.8569654878549449,2.0171920865949122,3.075654581592441,1.6165912426614482,3.0036802861508654,2.217674679775212,2.4071574511743687,2.112586165159882,2.4030344971842927,0.5946323636436238,0.5915784613177429,0.5950092526904283,0.5917317108107308,0.7711240909501037,0.7691413792780512,0.7713684286321474,0.7692409965743706,0.9743403707743039,0.9602232922937521,0.9788524503627587,0.9612569209330993
freshPotato (70).png,fresh,213.41608824608608,289.6477456811209,199.1982135212818,283.2147356972438,0.6911303349177975,0.6323423063077555,0.6489239872553637,0.6316299079713171,2.9440358977495107,3.957808831920833,3.118743120107632,3.971871278066489,4.188584936712188,4.340345652056454,4.246213044144352,4.346647300627115,0.30588280967866593,0.30412307938658817,0.30591652932876073,0.30407564004421644,0.5530667316686712,0.5514735527535188,0.5530972150795561,0.5514305396368762,0.9864934943377872,0.9816776099370589,0.987393304221703,0.982084546017042
freshPotato (71).png,fresh,119.09676186399217,220.97562432741907,162.66262536692759,182.3982444920171,0.7971502140065639,0.7756185987396882,0.7913921735998476,0.777328832528693,1.7378913894324852,2.699323302223873,2.0829409246575343,2.464903244089905,2.594093641388229,2.6969075728835428,2.6261771040131014,2.6829964620700544,0.5316531716800051,0.5293832218587692,0.5309258766540562,0.5299710591910437,0.7291455078926325,0.7275872606490367,0.7286466061500981,0.7279911120275052,0.9897497354229363,0.9810049930603155,0.9860001655736464,0.9843210945530421
freshPotato (72).png,fresh,169.54587359344424,270.8636302710238,180.49896037181992,193.4058156946396,0.7496112844886674,0.728080912251275,0.7499499604966164,0.7345174119625588,2.2163573263209395,3.1469165635854637,2.2445037304305275,2.5906227381175775,3.269374596956541,3.3725508187966025,3.2677284921173047,3.3365761506462923,0.4514076093424134,0.44929434451187505,0.45127966636599176,0.4503963141506023,0.6718687441326716,0.6702942223470788,0.6717735231206956,0.671115723367142,0.9852446559514895,0.9764521939990296,0.9842914238828895,0.9831860681226202
freshPotato (73).png,fresh,240.10403161692759,248.66711984099334,192.56660118028373,344.4439512716327,0.6117626914190841,0.5924499897498704,0.6156856524432076,0.5885648389560698,3.951878975048923,4.493185151711277,3.5574203461350287,5.121836236840393,4.537410577849223,4.615055952447102,4.5039675011917915,4.642575508170871,0.2840048648903285,0.2832850291820539,0.28464092251556194,0.2823214494009865,0.5329210681614385,0.5322452716389822,0.533517499727574,0.5313392978135407,0.9668279704896677,0.9656438593073055,0.9733829437351177,0.9524112200350302
freshPotato (74).png,fresh,21.189460769324846,38.96747101918268,29.81914291829744,44.35601502751596,0.7867309585755058,0.7649703987487697,0.7778476930464435,0.7623715726046748,1.3109443798923675,1.8618303391914093,1.592075892857142,2.00454578528728,2.7288637702290663,2.8265545675524506,2.783764570360392,2.8477602770855133,0.5117303730584397,0.5099624413165023,0.5104522073972534,0.5094782189114438,0.7153533204357408,0.71411654603188,0.7144593812087944,0.7137774295334953,0.9945865910634691,0.9900569604517153,0.9923827308477542,0.988682005783598
freshPotato (75).png,fresh,109.07717328155576,164.28685934873107,133.95020486790605,166.89258619567175,0.8128963516078758,0.7809592047960343,0.8111439657655326,0.7862162920850262,1.153371911692759,1.6783598408400708,1.313570205479452,1.6480673710655211,3.0089844129141747,3.121947451020213,3.020408098988168,3.1059519696713016,0.4483641391588061,0.44644658934981846,0.4475651734304075,0.446498102261949,0.6695999844375791,0.6681665880226416,0.6690031191484891,0.6682051348664937,0.9912375320987341,0.9868164589002555,0.9892407988159593,0.9866073569238863
freshPotato (8).png,fresh,168.17828094422694,299.68758544889147,187.7412243150684,297.73635211262206,0.9225310448892283,0.8468288293093238,0.8845219262674412,0.8467961427886534,1.5166952054794516,2.8989931870665315,1.9313463184931496,2.896143933272314,2.190014923884508,2.5195383862352294,2.346687763208979,2.5203605868638745,0.57585058048989,0.5724929417058876,0.5751724438996706,0.5724465649487601,0.7588481933100256,0.7566326332546645,0.7584012420214451,0.7566019858213169,0.9758706940049037,0.9570623942923198,0.9730667993869077,0.9573419563819905
freshPotato (9).png,fresh,212.98664536448143,345.84699047567983,188.82448630136986,326.61888549752797,0.892709268869956,0.8452613120594998,0.9181355548202261,0.8461697918037545,1.4350461717221137,2.34724131724373,1.2756543542074361,2.2550465110044766,2.746891436624728,2.95101728207349,2.63709078782569,2.9465872612239363,0.44942371211610627,0.44600612841035253,0.44957734924168213,0.44630916803798915,0.6703907160127639,0.6678369025520771,0.670505293969915,0.6680637454898964,0.9872640898631353,0.9793408583850992,0.9887095908048229,0.9804894476591695
rottenPotato (1).png,rotten,336.14294505259295,489.03657308297676,239.55815802348334,498.6974659257585,0.8476270000124712,0.7927307569943991,0.8908837448298913,0.7929185898719197,3.787246972847358,5.413731565059876,2.6786096501956944,5.457312893256383,3.183762496355665,3.467926021949655,2.986511702331146,3.4680153332779344,0.4609694811587291,0.4585121694745376,0.4617868189405012,0.4584034565976624,0.6789473331258685,0.6771352667484818,0.6795489820024022,0.6770549878685352,0.9701147623663362,0.9565712529311359,0.9787026483658819,0.9557133202225786
rottenPotato (10).png,rotten,262.3156953277886,411.12850364390454,264.6959316903131,342.6656224508943,0.6460066549989625,0.636631554540574,0.7105733201621331,0.6379669688134294,4.478465936888454,5.760386947047537,3.8502400318003915,5.387134700004977,3.913807166903421,3.9874715589678407,3.7882759806073465,3.9804997223064458,0.3577560139112539,0.35549904616615313,0.35772368002732047,0.3561707454555812,0.5981270884279142,0.596237407553529,0.5981000585414789,0.5968004234713488,0.9300860666721577,0.8905168702846686,0.9294516719740211,0.9087484704678361
rottenPotato (11).png,rotten,166.43302806996076,236.43400569084824,118.16016389432482,180.2672477510426,0.7744186737422121,0.761355496179076,0.8216339634438492,0.775483249448933,3.438241499510762,4.408699415213635,2.5788970768101747,3.64537513260136,3.099939732659641,3.1822795041272127,2.9763675157794705,3.120605802916108,0.5249298506184719,0.5236127457911087,0.5265891012655552,0.5250971303944882,0.7245204280201296,0.7236109077336443,0.7256645928151347,0.7246358605496199,0.9816356306280273,0.9738951385404712,0.9869359501912911,0.9800965537318491
rottenPotato (12).png,rotten,226.20911050636005,390.71259684207706,239.3178204500978,399.49638673258755,0.863540078730575,0.7917228278335771,0.8733991201735006,0.791561862972318,2.55788282778865,4.299569931181329,2.6163848458904106,4.382772737543131,3.1843339239691133,3.528116128846496,3.143260919877666,3.5316497496478423,0.436628370878047,0.4332517383400753,0.4360511273337532,0.43324657063816296,0.6607786095796738,0.6582186098402835,0.6603416746910293,0.6582146843076072,0.9784166440148538,0.9627615175130374,0.9771658988411144,0.9619243420325165
rottenPotato (13).png,rotten,178.42997798434436,303.83403479612906,212.47969285102738,302.6962404402558,0.893259250910357,0.8520282066978956,0.8943299010184425,0.8518451602913939,1.8831717832681014,2.951095469150318,2.0390739664872797,2.968987557492504,1.941366806370224,2.0972902615144493,1.9426691689693896,2.099160304092777,0.6474147995253812,0.6449966138412698,0.6469135453229965,0.6449533588934904,0.8046209042309187,0.8031168120773402,0.8043093592163382,0.8030898822009217,0.9863423461172923,0.9767773352768632,0.9837354186140252,0.9768642992566162
rottenPotato (14).png,rotten,196.93791279354207,308.3618054465171,206.81592847969668,305.2717973659721,0.8935309434394183,0.8597396831853633,0.901966743684064,0.8599761971874452,1.9722434564579254,2.9455424879653496,1.9715898666829748,2.9159470130705687,1.8620655552427703,1.9888462449243258,1.8351896206021974,1.9887325254884223,0.668365574189479,0.6663131065761255,0.6682860975363276,0.6663381138664384,0.8175362831027617,0.8162800417602561,0.8174876742412253,0.8162953594541857,0.984236812557862,0.9753561783967521,0.9834461626586652,0.9756031272942632
rottenPotato (15).png,rotten,160.1800620719178,278.3840671566055,188.41931415117418,275.43279169427194,0.898238314332217,0.8503720662893457,0.8905461028740981,0.850691168724926,1.7055406066536203,2.8588968332688673,1.9689640410958904,2.809325944676988,1.9163430427946022,2.101658198575845,1.9505336323158038,2.0983285071053066,0.6447854695638295,0.6423945731591015,0.6443814521950335,0.6424071071522082,0.8029853482871462,0.8014952109395923,0.8027337367988426,0.8015030300330799,0.9877400486424696,0.978724629964859,0.98557865694124,0.9789501797895244
rottenPotato (16).png,rotten,223.66727311643834,380.88752723833005,230.63440251956936,388.4405773568575,0.8600245661964667,0.7888126793024639,0.8734974134011001,0.7886962906841194,2.4843673556751464,4.139268768118994,2.472740337573384,4.215769700636869,3.2245505490123074,3.561622211204967,3.1687281482208256,3.5652557881051563,0.42930754540163535,0.4259914117674385,0.4287697096094959,0.42599154276557394,0.6552156480134119,0.6526801757119933,0.6548050928402251,0.6526802760659877,0.9785768851941645,0.9635571641801971,0.9779102178852442,0.9628344979185738
rottenPotato (17).png,rotten,150.04745214652635,259.59544042800087,141.26495229941293,251.48840958789216,0.7210664872420642,0.5991300895623506,0.7750163989361943,0.5998254390282954,3.8136810481898227,6.069029300592446,3.3359604329745602,5.978573151910416,5.725020104324093,6.290193839121981,5.489132950732573,6.2835489777325115,0.11167167065689323,0.10932129071890595,0.11201413869369305,0.10938604644695775,0.33417311480263223,0.330637703111587,0.3346851336610173,0.33073561411943186,0.9872848093678024,0.9779800440437625,0.9880290461528937,0.9786677158369986
rottenPotato (18).png,rotten,497.4040178571429,713.8372019102254,375.54214316291575,755.2615224359587,0.7781570949058854,0.6938173598524309,0.8338892231152552,0.6933981202430802,5.426637414383561,7.682675847595558,3.975224743150684,7.899257432378092,4.20969706775806,4.603434263113051,3.9486791479489494,4.608903862927238,0.2774753252958598,0.27438185213415534,0.2785199990043653,0.2738653064378506,0.526759266929268,0.5238147116434926,0.5277499398430713,0.523321417904762,0.9642968621301043,0.9487791468094243,0.9730443724782407,0.9458067757499025
rottenPotato (19).png,rotten,385.7168274522993,601.0753673584278,318.387704867906,604.9939185281919,0.7711468567520257,0.697025488776648,0.8456914609649536,0.6968857265773283,5.510988716976515,8.017842302993634,4.121024951076319,8.034064667338132,4.407794350766418,4.791942361254995,4.06246422997256,4.79262846678106,0.2950977116809385,0.2924311087671086,0.29568151741583404,0.2922985547209169,0.5432289680060688,0.5407689976016641,0.5437660502604351,0.5406464230168521,0.9606499171197219,0.9387197410214111,0.9675191687314232,0.9383202406533305
rottenPotato (2).png,rotten,247.8494908879647,392.52628474921585,214.30393835616434,394.7488099386874,0.8117205567109133,0.7405425906468516,0.8621020460414821,0.7402576130570568,3.0838658879647745,4.629769340650503,2.387949486301369,4.654508829240084,3.926579006509307,4.257367013838259,3.7080262070108034,4.258950231613194,0.3301608172383775,0.3272320411299572,0.33038920388286797,0.327222997411453,0.5745962210442891,0.5720419924533139,0.5747949233273272,0.57203408763067,0.9762482205040778,0.9624125571280844,0.9794645823582457,0.9621997330655022
rottenPotato (20).png,rotten,198.79312928082186,269.25510395563737,142.90326871330717,248.40542890077782,0.8187367812455143,0.7831797951772019,0.8693870966744075,0.7836729681541809,2.4417731775929545,3.3044603842662976,1.8311292196673183,3.152094239835172,2.7231322404241705,2.8610112918693007,2.55936809085469,2.8525406044399566,0.5192671322462732,0.5169948619765716,0.520037722269567,0.5174689098655736,0.7206019235654822,0.7190235475814207,0.7211364103063768,0.7193531190351325,0.9622409013188087,0.9489215409881337,0.9728567170663059,0.9528767836448369
rottenPotato (21).png,rotten,247.4251926369863,333.54960727019284,187.87277932363017,337.7720328889672,0.6918344699583879,0.6330662192794775,0.776390085995605,0.6332321298835749,4.6761787548923675,6.1086967344640986,3.5415125061154593,6.168699568399325,4.406282100369465,4.627752932841091,4.098967562377517,4.631005209375539,0.29730235524433785,0.29512814814720145,0.2979054197943917,0.29508229882183007,0.5452543949793874,0.5432569816828877,0.5458071269179176,0.5432147814831902,0.9664817478621665,0.9548372068543121,0.9745502215878835,0.9542654881934675
rottenPotato (22).png,rotten,79.57789949241683,236.28600916816333,176.18151449363992,232.62747538497473,0.7012166724431595,0.6111704454571139,0.7548362323372756,0.6090335686292198,2.6044788099315066,4.161300699675628,2.6058356775929545,4.179353632990069,5.2650494132771675,5.585042557771166,5.07530803457113,5.592749708063817,0.18917617129639305,0.18669345079904603,0.1881438413630638,0.18673490293851935,0.4349438714321574,0.43208037539217864,0.4337555087408848,0.4321283408184649,0.9936311846922224,0.9810955201337057,0.9859139577497593,0.9813882275965304
rottenPotato (23).png,rotten,177.04080540606657,344.5945902474332,215.82826259784738,333.62562949743597,0.763291598517427,0.5692979005022811,0.6943564267774055,0.5701957771632039,3.4902229085127208,6.623825735961489,4.2268224070450096,6.467591652911867,5.794302251486421,6.668116091639086,6.095850832992222,6.65580480383097,0.08367501876511824,0.08107983700687128,0.08259475669118849,0.08105487793889038,0.2892663457181257,0.2847452141948505,0.28739303521691073,0.2847013838022049,0.9815861493375709,0.9641432379279062,0.977539615996348,0.9652846122469527
rottenPotato (24).png,rotten,152.10366468933458,307.4430398167899,192.74273789138928,299.0303039587011,0.872295028248081,0.7492131904486912,0.8117551589473654,0.749759510548505,2.8095416462818,5.531994745730906,3.660247981898237,5.411881847878951,3.4497284618468775,4.042528895335917,3.7184864880649444,4.034743783339252,0.3823934963351266,0.3782118306975833,0.38137912432134763,0.37828277535422217,0.618379734738394,0.6149892931568673,0.6175590047285746,0.615046970039055,0.9855949437924152,0.9709109677726523,0.9817469259902791,0.9717069472316183
rottenPotato (25).png,rotten,209.0325189579257,338.4555742356993,186.93389952299412,341.54724438095764,0.8151621648457354,0.7445014156590863,0.8642864427432186,0.7444451833785378,2.75563386741683,4.179403418338627,2.1601486056751464,4.205567533825317,3.89929021990669,4.222262018873061,3.6866360778528082,4.2238450339801235,0.3304442062175453,0.32754780776469117,0.33073704297151946,0.3275436014735234,0.5748427665175454,0.5723179254266733,0.575097420418071,0.5723142506294278,0.9798250883022611,0.9673579274803699,0.9819574705425316,0.96705975386832
rottenPotato (26).png,rotten,228.6864909491194,392.0721734368357,228.3659414750488,374.3402407313084,0.8790059928976587,0.8261188842381095,0.9006002225685432,0.8265147441088423,2.622163955479452,4.255827758012568,2.451183341487279,4.138993033880844,2.605108191585111,2.8676544644466317,2.5177006848499266,2.8635306781933454,0.5340987092976469,0.5307714739821077,0.5339535831056957,0.5309891924797318,0.7308205725741763,0.7285406467604314,0.7307212759361094,0.7286900524089318,0.9666406830451684,0.9428832837343638,0.9666874427442694,0.9454664555017072
rottenPotato (27).png,rotten,198.15897137964777,289.0975524756722,142.11905271526413,282.58990276538464,0.8869959161447446,0.8460944152036848,0.9193144734237488,0.8460922275408987,2.1386756971624266,3.105464516450228,1.5557271281800387,3.105502812872193,2.4058108983351465,2.601377821567987,2.2627404896697207,2.602519261673583,0.5695239171564326,0.5669523553101753,0.5702674660657167,0.5670735336598605,0.7546680840981899,0.7529623863847219,0.7551605564816773,0.7530428498165695,0.9819904316234196,0.9737608668317268,0.9870836933586793,0.9743515155103423
rottenPotato (28).png,rotten,257.80167945817027,351.9720244637543,145.82956977739718,335.0558591610786,0.8807736539037361,0.8495449346924873,0.9322626678831419,0.8506833205368578,2.1625909674657535,2.9603708625503113,1.2573079745596865,2.857269235335343,2.3615064112331203,2.4990713524617525,2.1477966200036187,2.4935067883374606,0.5695205374764495,0.5667846308678866,0.5714914539784232,0.5671497633403534,0.7546658449118057,0.7528510017711915,0.7559705377714288,0.7530934625531903,0.9632432384978965,0.9498859852075885,0.9792090530927052,0.9522945202594888
rottenPotato (29).png,rotten,258.1491293113991,391.7436475810067,205.18858549412903,401.88881399810833,0.891804281595081,0.8515878878653451,0.9198148621039702,0.8510157937195856,2.816937530577299,4.152032965560029,2.1954042318982374,4.27426748518886,2.3252841993400613,2.538008687730436,2.203342828097369,2.544508098795733,0.5990927921705832,0.5965070161680772,0.5997999088809867,0.5963766453556992,0.7740108475794013,0.7723386667570628,0.7744675002096516,0.7722542621155931,0.9677296124699167,0.9511009589478236,0.9743494353183602,0.9498345978666055
rottenPotato (3).png,rotten,137.1125359283268,221.96642552686296,123.97430742416829,224.03203495697394,0.7660885540687675,0.6548117419524759,0.8094026597355625,0.6558901267470895,2.290067728718199,3.6400174631684155,1.9827238258317026,3.639986826030844,5.703683388669762,6.1930809688394275,5.50928823447427,6.188480629083138,0.07202801510528034,0.06977823606421742,0.072304238464869,0.0698239336021727,0.2683803552894294,0.26415570420533685,0.2688944745896966,0.2642421874004465,0.987791040137276,0.9802030271224567,0.9889606667492735,0.980018797395973
rottenPotato (30).png,rotten,78.99341441413888,168.269047682875,97.01713475415846,163.966639986826,0.827393837293907,0.7661417531566325,0.8794921088201969,0.7668367215214543,2.454436001712327,4.055338329739852,2.2015540912426603,3.9989621669647395,3.703866354523368,4.024587755071219,3.489649950074568,4.020200214837076,0.38153441259882775,0.37870206033951304,0.38190275776157556,0.3785859141690943,0.6176847194150328,0.6153877317102715,0.61798281348398,0.6152933561880011,0.991927167680892,0.9828253508925063,0.9900852106880135,0.9832644824696894
rottenPotato (31).png,rotten,209.26025868395303,326.1019450752716,170.11643071183954,322.1846959838542,0.7876181114566879,0.7090321156226249,0.8517455373473717,0.71114399451216,2.5105873899217226,3.7468606508093942,1.8803510273972606,3.728103063330793,4.637653989741402,4.977288258768175,4.352309531402347,4.971869800101206,0.22066916136623843,0.21820238247995072,0.22122406393346522,0.2182060073458972,0.46975436279638577,0.4671213787442732,0.47034462251998294,0.4671252587324916,0.9832947655490532,0.9739720267522614,0.986419394260327,0.9742846837483201
rottenPotato (32).png,rotten,240.49201932485317,398.41062955488064,232.75839346868878,406.55400369943436,0.8518871384719374,0.7799340776329566,0.8700691019595784,0.7797703759412912,2.7293450342465744,4.416956123789355,2.5528605063600778,4.5057808448956616,3.3549440659621554,3.6983289997686932,3.2754562491462016,3.7026503920553786,0.4112166571853881,0.4079411736531025,0.41095429425580643,0.40793120964043184,0.6412617696271844,0.6387027271376744,0.6410571692570066,0.6386949268942347,0.9768389576291855,0.9616693904154604,0.9775844194562647,0.9608859261404623
rottenPotato (33).png,rotten,177.32503669275928,286.7255793291232,164.7179320572407,292.14647615473285,0.7843327463554313,0.6746148391603006,0.8065776480009261,0.6728058190447166,2.645295682485323,4.2006196361073975,2.361125550391389,4.304946748825257,4.88568849646388,5.35809047727493,4.785809258454556,5.372697817291663,0.17275917468291446,0.1701403668637136,0.17288140222397635,0.17007210711886842,0.4156430856912147,0.4124807472642979,0.4157900939464243,0.4123979960170374,0.9806934893661926,0.9687786746552591,0.9820661054628631,0.9681883974157869
rottenPotato (34).png,rotten,135.49154537671234,254.98846128806179,155.3263056506849,248.17859153419295,0.6929692402198513,0.5693037238183013,0.7654570421910514,0.5694785826811749,3.538252201565558,5.502958398596817,2.9590952177103715,5.464056893164472,5.996392899890393,6.535085124106873,5.677676461280163,6.53486309875092,0.0745074117859942,0.07214062493411753,0.0740305574257811,0.07220568403900864,0.2729604582828696,0.2685900685694047,0.2720855700432882,0.2687111535441144,0.9848555486779992,0.9714450295765872,0.9826224075505197,0.9722076351800983
rottenPotato (35).png,rotten,336.93539781066534,490.4259404643826,229.32277397260268,489.28304502510326,0.7831819948494685,0.7303621999560191,0.8785866584213816,0.7304659008903988,4.3584271037182,6.037959413452003,2.709087573385518,5.992532197716767,4.006320858932993,4.278081380195921,3.585623613040653,4.275188862561482,0.3536643796765461,0.3512191226945171,0.35492319075376205,0.3511329706459129,0.5946968805000965,0.5926374293735733,0.5957543040161456,0.5925647396242143,0.9616686282140698,0.9442577851636726,0.9739092846415682,0.9443876875971601
rottenPotato (36).png,rotten,320.18065832925635,520.5994921894446,289.94712420499013,526.0221583097492,0.7983929945401878,0.7242094388447946,0.8518808305584622,0.7239559733558731,4.48586564334638,6.852754087185634,3.7221823018590987,6.870010454923198,4.044853958383122,4.426446863021937,3.8087460660799475,4.426229715163941,0.3346882960152294,0.3319055933923512,0.33497199753775136,0.33178220029860905,0.5785225112432786,0.5761124832811307,0.5787676541909986,0.5760053821785079,0.9666215419663644,0.9457730459873992,0.9697734056300207,0.9452082074296535
rottenPotato (37).png,rotten,239.74793603228972,376.9177354559763,208.01214683219166,362.45162970423667,0.8962202187722342,0.8556150325263127,0.9210204656593719,0.8557091338160134,2.357158145792564,3.6278200527724684,1.990452238258316,3.5467312089031524,2.197360364329313,2.398642101089688,2.0949039302115486,2.396083856922316,0.6009611875787441,0.5977705421317852,0.6012659538425912,0.5979836904414951,0.7752168648699176,0.7731562210393093,0.7754134083458908,0.7732940517303202,0.9396663085492797,0.9052793316121447,0.9476527728224807,0.9089147116350998
rottenPotato (38).png,rotten,143.40179335861055,191.7323846033065,90.6938218566536,201.98681837155954,0.7198279854454716,0.6211883611882727,0.8089307795625802,0.6184167385100778,2.496888759784736,3.4948701942777483,1.6724636130136985,3.5848821044649797,5.780296554541754,6.181672515766752,5.383845993515219,6.19352819226487,0.07988771282597222,0.07850049906273239,0.08059427995589835,0.07835737026832923,0.2826441452179263,0.2801794051366595,0.2838913171548196,0.2799238651282331,0.9779863783418008,0.9705279136937114,0.9860617322365517,0.9689517391765661
rottenPotato (39).png,rotten,298.15091043909,500.9795650292392,283.722862646771,502.87955009363475,0.8045056874896331,0.7302952873455097,0.853797393846503,0.7302160224065504,4.224387689579256,6.56763339601181,3.6018835616438345,6.569364394284642,3.9661069461147274,4.344768892332084,3.749477385516146,4.345063965079716,0.34358591297845087,0.34079053247711416,0.3437767670359562,0.34066985512343256,0.5861620193926342,0.5837726719170008,0.5863247965385365,0.5836693028791496,0.9685439583332909,0.9471900872739268,0.9700661679076173,0.9469898035648985
rottenPotato (4).png,rotten,194.57455127813105,248.65766062476786,166.74345645792562,228.62372233562218,0.8561584610086856,0.8529355073769767,0.8803531122986532,0.8533289946435357,2.4548487952544025,2.95037549641737,2.0341777764187867,2.816912465868314,1.8427720532029699,1.8758697348496185,1.794566777663782,1.8718164589056376,0.7011210625709294,0.6997795537917965,0.7015644278610252,0.7001448693859283,0.8373297215380148,0.8365282743528736,0.8375944292203866,0.8367465980725158,0.9115887743233705,0.8872010196724125,0.9242424117162178,0.8962890477881904
rottenPotato (40).png,rotten,253.61370168786698,418.80911914399826,250.94231592465752,424.9607117007059,0.895441601662347,0.8534049611205948,0.9214693547894736,0.8531916750369011,1.881138392857143,3.0203928446965196,1.741530088062622,3.0673365987415804,2.3811633561321472,2.573186286064303,2.2750084881488095,2.576503108042707,0.5455032288896917,0.5422827921231564,0.5458059403204973,0.5421084201561445,0.7385819039820105,0.7363985280560768,0.7387868030226971,0.7362801234286747,0.9734107105942019,0.9561477490972824,0.973690786467259,0.9555036342298707
rottenPotato (41).png,rotten,249.02033772627198,423.62387935095217,241.36087328767127,418.98285852152827,0.7355651237691692,0.6360124505689337,0.8055805027004115,0.635402936673516,4.025551155821918,6.265520582411983,3.4049810420743647,6.253235090245518,5.386149855314752,5.854322227686996,5.0868425559405095,5.855263128744129,0.16072168824681107,0.15830740317995406,0.16110094629890687,0.15830343461256308,0.4009010953424935,0.39787862870472707,0.4013738236344105,0.3978736415151965,0.9776048621704159,0.9619041223700862,0.9782941156821402,0.962321482604515
rottenPotato (42).png,rotten,588.6717565129647,689.4071598990505,190.19807210127195,683.7368691143186,0.4979194009679577,0.47610956327378573,0.8713277730355122,0.476190372060447,8.996089927837572,10.119404414045594,2.563730736301369,10.080250152228274,6.474717583351901,6.6145206078559635,4.932131508716469,6.613706504463751,0.1298981000321236,0.12835994777177145,0.1331626869913495,0.1283846140445469,0.36041379001381674,0.35827356554980644,0.3649146297305022,0.3583079876929161,0.9377108600777864,0.9269948724888116,0.9798589578296455,0.9275953308620979
rottenPotato (43).png,rotten,248.15056644447154,406.33710425434947,221.0307531188845,401.860382734441,0.6652319838415964,0.5544338553596372,0.7737279504525454,0.554719995311992,4.842331977739724,7.292285951723528,3.778215203033267,7.2513700544958075,6.099779659524419,6.609399689321919,5.625431197340528,6.607847073411193,0.08676964117410109,0.08459833958061563,0.08735781091647424,0.08458549237700981,0.29456687046255065,0.29085793711125646,0.29556354801712986,0.29083585125807615,0.9565604821337595,0.9288292268554276,0.9613185302106981,0.9296133337666322
rottenPotato (44).png,rotten,332.65694945572403,490.1618521681519,257.63683341487285,490.98102795255835,0.5839897527404659,0.4447631710030444,0.7189438236916055,0.4448339944515648,7.2217045315557735,10.069059937730017,5.125909674657534,10.100600870860635,7.5168518582140305,8.172472880256946,6.862967589874142,8.173334073235484,0.0038295937679411634,0.002839889348807719,0.00509177635875079,0.0028435951572877483,0.061883711652915285,0.0532906122014724,0.07135668405097584,0.053325370671827015,0.9334600615464972,0.9015287155701226,0.9484698971038666,0.9013641468846822
rottenPotato (45).png,rotten,121.41110414628179,198.54275221066095,114.89868976272014,203.6200535383979,0.8002826963316785,0.7013539623978611,0.8296311503637199,0.7003132639382458,1.7673220401174166,2.898418740737053,1.632323263209393,2.9274397693023544,4.825380720200354,5.239228376708786,4.7060491805575415,5.242421303242422,0.16937812112478962,0.1667595885166538,0.16961442190638043,0.16670893739537992,0.41155573270796464,0.40836208016496073,0.41184271500948083,0.40830005803989294,0.9881841057497605,0.9806736363348111,0.9888182348653416,0.9801794063979085
rottenPotato (46).png,rotten,225.06332176492165,383.20909846393045,232.52670162671234,391.46796695784707,0.860111553592281,0.788542262080641,0.8725636503221683,0.7882905253244271,2.5931346318493143,4.294334810298673,2.575097847358121,4.369319204506723,3.2243663304046692,3.5672857835268954,3.172815424565113,3.570246227543623,0.43071824631848793,0.42742005419298057,0.430151439295696,0.42741984679148826,0.6562912816109079,0.6537737025859793,0.6558593136456141,0.6537735439672427,0.9786495725440445,0.9636861636876446,0.977942204285376,0.9629035330042515
rottenPotato (47).png,rotten,180.61673266267115,274.874763040889,134.92192851027397,268.75101964223467,0.7213140957792907,0.6286313428130857,0.8110395113435983,0.6287968282840024,3.814086197407044,5.552433546133782,2.7395960738747553,5.502173321946528,5.24026639876723,5.662997576715887,4.846791522065376,5.661118933603482,0.16966160894794763,0.16704300497707006,0.1702260652923458,0.16708979046539235,0.41189999872292743,0.4087089489808977,0.41258461591817236,0.4087661806771597,0.9725048516593954,0.9581556803127359,0.979460933126151,0.9590879007669574
rottenPotato (48).png,rotten,232.41121116682982,381.66570670302275,212.36492095768105,383.5937324075813,0.7039126518003147,0.5948865147919333,0.7914814684793253,0.5937309543550668,3.7516282411937385,5.812221154177565,3.1183914811643834,5.871963572443427,6.215524332336641,6.706967872193005,5.837430418714564,6.715900535672518,0.05512837676918392,0.053214644361023196,0.055683471312302245,0.053185003678982844,0.23479432865634536,0.23068299538766007,0.23597345467722053,0.2306187409535115,0.9828520700655293,0.9717762728397973,0.9843305975756454,0.9716336976215175
rottenPotato (49).png,rotten,159.32167318982383,249.69453624947818,128.11587649828763,237.35418828818825,0.8185304259263251,0.7276096942877143,0.8400852981978263,0.727347490428423,2.367477984344422,3.722416044668945,1.9863587022994125,3.6342653405892285,4.2407904652524975,4.650389406072964,4.141928525744667,4.647372798985031,0.25724709469631607,0.25453955451247423,0.2577624252778464,0.2547944768911887,0.5071953220370985,0.504519131958813,0.5077030877174634,0.5047717076968447,0.9746490396388147,0.9602917654209024,0.9796174984596848,0.9622542169786926
rottenPotato (5).png,rotten,167.00691046966733,217.6346636233777,139.925548098092,211.7017512953765,0.9066447222151588,0.9048358070094373,0.9266686507434422,0.9049770813102009,2.087993823385519,2.581833709276543,1.7644439518101762,2.55871798897829,1.2424515826310398,1.269746910986388,1.2050017194272433,1.2701714254504666,0.80810577401811,0.8071925062068597,0.808528496823266,0.8072612911028728,0.8989470362697182,0.8984389273661619,0.899182126614662,0.898477206779823,0.9689786800930774,0.9596438276984467,0.9740079654113524,0.9607439724464043
rottenPotato (50).png,rotten,110.45369068003913,181.7260656936822,89.40805406066536,190.38464160293498,0.7818909514127373,0.6694121606747997,0.8017092714950687,0.6695884896517088,3.2983579990215266,5.28664488876804,2.9548755503913897,5.357592840100948,5.031614803695203,5.565639791226232,4.935063548343031,5.568350700811611,0.18782377432410194,0.18539523901647859,0.18796084673223248,0.18522496112251602,0.43338640302171677,0.43057547423939346,0.43354451528330107,0.4303776958934048,0.9926608140816889,0.9879277540857135,0.9940592086393341,0.9873525561511465
rottenPotato (51).png,rotten,182.56459454500978,270.0419039449144,138.3151755136986,271.2722147969714,0.8699976502965363,0.8232079368979318,0.9068396286602337,0.8235580684709232,2.525455601761252,3.6631829688152235,1.8430696550880619,3.6582733675192722,2.7183776800332193,2.9477723791756243,2.555232857331856,2.9461324672413944,0.5254574544213721,0.5229351948800922,0.5263051905432186,0.5228856332198002,0.7248844421156879,0.7231425826765371,0.7254689452645223,0.723108313615464,0.9616679823348531,0.9433749044650703,0.9709563708484096,0.9431169205428803
rottenPotato (52).png,rotten,323.73472663894313,478.3078113211883,225.94149033757336,473.91093018179316,0.7844091939678057,0.7311893205424782,0.8782330722360376,0.7314336343932113,4.451504403131114,6.1718590232114625,2.7977846746575343,6.102711003710924,4.00922445929433,4.287183512588873,3.5931149460613905,4.282599911856652,0.35520511141172917,0.3527554962808928,0.3563557013867974,0.35266930450166306,0.5959908652082926,0.5939322320609421,0.5969553596264945,0.5938596673471461,0.9622086725876603,0.9442194199630438,0.973623624578651,0.9447321872114639
rottenPotato (53).png,rotten,253.14972174657535,410.22477701908304,236.58042594178085,418.8430804109971,0.8424034923324405,0.7713716012605631,0.8687022756699377,0.771105561045898,2.918557363013699,4.601407010543004,2.639210799902152,4.69185549994064,3.4810565409318714,3.8216235037805966,3.3681495910787813,3.8263289633143747,0.3949547378453728,0.39180164111472354,0.39472345634731393,0.39180123676871015,0.6284542448304195,0.6259406051014134,0.6282702096608703,0.6259402821106101,0.9768957996140217,0.9625952375736366,0.9784080253968024,0.961809410853868
rottenPotato (54).png,rotten,67.98233396526416,102.26279004752583,46.20728351272014,100.23989644647499,0.8528606001474779,0.8083229011667004,0.9051513692666238,0.8079338482552403,2.230973275440312,3.095668291711504,1.484512597847358,3.1077240053461797,2.889405761807647,3.1060346676623714,2.660336031223955,3.1079447079822127,0.4923467347910818,0.489990843886063,0.49304098420085024,0.48997982834643206,0.7016742369440977,0.6999934598880643,0.7021687718781363,0.6999855915277343,0.9889610987601014,0.9834151031265124,0.9924969089834198,0.9837431743804242
rottenPotato (55).png,rotten,314.2764226088552,429.5212755772229,200.02887261497068,436.16107092114385,0.8702006155499874,0.8289909611421031,0.9138273553035254,0.8289776898618229,3.1748371758806258,4.362310959287075,2.039360628669275,4.357960485751817,2.560705182937435,2.7614470974245746,2.3639071648255094,2.7605507922440014,0.5479305993879681,0.5456180832303207,0.549452063469593,0.5454258278692413,0.7402233442603442,0.7386596531761571,0.7412503379220767,0.7385295037229327,0.9492981091226437,0.9307962599684345,0.9677334821030102,0.9297264673947696
rottenPotato (56).png,rotten,249.6351249082681,417.3281160841143,251.34491193737773,415.326182114805,0.8283562682703395,0.7567159827082197,0.8636896624676363,0.7544883726105278,3.104838093199609,4.740449829772405,2.5996284858121337,4.757840234986844,3.6785207574974645,4.015832153317127,3.5196426955588143,4.023322210734178,0.35286149351147833,0.34980516975485476,0.35207900564315786,0.3496332429959277,0.5940214587971366,0.591443293777903,0.5933624572242145,0.5912979308233098,0.9709773965316182,0.9515171449831121,0.9707829568282541,0.9517497163776484
rottenPotato (57).png,rotten,395.2969208659491,610.3580447378799,309.58570434809195,589.1294955212333,0.8388236820133028,0.7855299081059001,0.8904239904673481,0.7857805276814354,3.9738181873776903,6.012312299661842,3.1143323446673192,5.89641200822607,3.181359047325178,3.459419395176593,2.9584324561672384,3.456751692074398,0.45520105701267305,0.4517385127809657,0.4566066660250247,0.451779840852064,0.6746858950746436,0.6721149550344537,0.6757267687645834,0.6721456991248728,0.9562768719398503,0.9325647897482013,0.9657597449318129,0.9349102191106999
rottenPotato (58).png,rotten,170.1020632032779,281.45476618119574,164.05486714163396,287.16925103687566,0.8220082040476845,0.7195340650834541,0.8219513629858085,0.7192446814350377,3.0182966915362037,4.956545049995979,2.9643277580724057,5.036576912619054,3.9817191629255904,4.45688011151573,3.982189870315534,4.462380762826302,0.3035145695445684,0.30022947348594353,0.30348321761417885,0.30022907634834756,0.5509215638768993,0.5479319971364545,0.5508931090639806,0.5479316347395427,0.979280207369923,0.9657366314041255,0.9800185724803756,0.9650409689941322
rottenPotato (59).png,rotten,139.01477647994128,225.51729657898056,126.70073997064577,227.69905139762784,0.7726665163555686,0.6637385733776513,0.8140671859276463,0.6645674408273017,2.1769584760273966,3.469089043010711,1.8916569838551858,3.4727195438130205,5.6614766466481266,6.139479117539091,5.476047060059141,6.135984879071087,0.072144555815259,0.06988022188911949,0.07242335517400596,0.06993094361328447,0.2685973860916353,0.26434867483897,0.26911587685234395,0.26444459460023845,0.9876129575255588,0.9798718513398228,0.98870977821608,0.9796771226604886
rottenPotato (6).png,rotten,228.85049229452056,319.8550748503568,187.4051377507339,324.96616894083587,0.8984077595035233,0.8792719568888915,0.9313849377321232,0.8792424035049856,2.5362111668297453,3.4567461062112974,2.045151204745597,3.499324068152313,1.6768857697224688,1.7741562357000928,1.556905100150545,1.7753686794858343,0.726463188896194,0.7248611435058483,0.7274729395078348,0.724822016003964,0.8523280993233733,0.8513877750507394,0.85292024217264,0.8513647960797792,0.9609037983491429,0.9454471326697229,0.9679842119444168,0.9445754102561864
rottenPotato (60).png,rotten,294.5601379036202,460.98717452828384,276.7205234833659,481.9728861332486,0.8142753005889863,0.7367240217153865,0.8539727863355348,0.7356482766999157,3.2481730063600778,5.07254491212886,2.9596150318003915,5.223180058287154,4.005951245130452,4.376381284817583,3.842529738647885,4.38430251725714,0.31167829248405104,0.30898350054771617,0.3114016439170734,0.30848958529994086,0.5582815530572822,0.5558628432875471,0.5580337300890273,0.5554183876141848,0.9667483043031087,0.947997354938923,0.9687695355008279,0.9456300168170677
rottenPotato (61).png,rotten,218.1179289995107,314.18190034505074,161.45099987769078,317.7150822798626,0.9239632078662527,0.8994926402469563,0.9489841146899127,0.8994801675918835,2.060359589041095,2.9221701816399297,1.46650256849315,2.9475377315497413,1.578126589369391,1.7076602036037531,1.4727424836977001,1.7081631889437616,0.7199322988453364,0.7175850470720359,0.7208666009959306,0.7174423864581047,0.8484882431980636,0.8471039175166385,0.8490386333942235,0.8470197084236616,0.9553432148166366,0.9357812745638316,0.966945023350752,0.9350590927948039
rottenPotato (62).png,rotten,182.8399393040606,256.34010669383156,114.79304519324847,268.007716729026,0.7792958461686931,0.7207576974857651,0.8699090483394603,0.7205469266835762,4.033646495841486,5.455581894983551,2.5180253180039123,5.5691690825326186,4.159453805371958,4.455138812252916,3.7468886329036915,4.4593091628399675,0.330877593764839,0.3283922154460087,0.3315480300268882,0.32837470702163823,0.5752196048161423,0.5730551591653361,0.5758020753930019,0.5730398825750597,0.98454545588023,0.978349595321622,0.9902971178391321,0.9773641526527029
rottenPotato (63).png,rotten,319.1438814823874,498.7607239555607,262.64246346012715,500.0489236790605,0.6925817118126997,0.5911669116274392,0.7925056425901763,0.5915027954637474,5.244442575831702,7.651391500492108,3.9253952115949113,7.6780458101799525,5.615211151202244,6.090580481828389,5.162578681713001,6.091266881617452,0.12831731019924425,0.1258874925144819,0.12908960904317637,0.12599361973279674,0.35821405639539644,0.35480627462670655,0.359290424368889,0.35495579968891444,0.9757887627549393,0.9621210301668043,0.9800750567763645,0.9620231963235968
rottenPotato (64).png,rotten,254.77521098336592,434.73392794911166,268.939166462818,446.9541783311184,0.839629953667513,0.7284060462703963,0.8190834138752361,0.7274862993226778,2.5384433096868877,4.474293526755794,2.8345156555772992,4.56351653065054,4.028494887820079,4.5336413130222555,4.127865977694825,4.539322731640619,0.27471208666432656,0.2716686229787452,0.27445505971056616,0.27153051364071534,0.5241298376016448,0.5212184023792188,0.5238845862502218,0.5210858985241448,0.9722998692491518,0.9527543402079361,0.9707586380953973,0.951426277788594
rottenPotato (65).png,rotten,165.537109375,307.2556784019669,200.0165079195205,306.3296632595617,0.9326601699916541,0.8905944330238841,0.9302178890144379,0.8906156630875246,1.2421531005381605,2.2343970802807895,1.427566199853229,2.2402411142726937,1.7521351956935893,1.938305405181033,1.7652234803563132,1.9395075091025968,0.6482684175512947,0.6450286938282661,0.647720004517178,0.6449854221537316,0.8051511768303482,0.803136784008967,0.8048105395167101,0.8031098443885067,0.9872601737430333,0.9763873162876109,0.9846066183347871,0.9764584808069591
rottenPotato (66).png,rotten,297.8216005687376,456.59609529681643,222.16997156311152,426.3130770792085,0.8281641008534766,0.7710688498173808,0.8839443853513905,0.771329451630586,3.099678173923678,4.56457734153898,2.2574073507827785,4.442013472681247,3.3243379899278866,3.5850613615276683,3.0829947082501117,3.5834139270798833,0.40167650727830756,0.39852066439210565,0.4026137552530121,0.39884433009560444,0.6337795415428835,0.6312849312252793,0.6345185223876543,0.6315412338839044,0.9827748574412124,0.9736152636483284,0.987150157242842,0.975365189808089
rottenPotato (67).png,rotten,207.63540774828766,278.60439796109847,137.69168144569474,289.3147276549952,0.9255425777621653,0.9010212895159138,0.9500760608236953,0.9007751726706008,1.6624992355675146,2.273907498822385,1.103695266634051,2.325125133558771,1.6232811072237894,1.7398467793930423,1.5179123528853924,1.7409073651775506,0.6991567733788432,0.697130018637164,0.7004809421742652,0.6968674163241035,0.8361559503937308,0.8349431229953116,0.8369473951057289,0.8347858505773224,0.940383498002233,0.9201169593795815,0.9604560440400371,0.9170460326165547
rottenPotato (68).png,rotten,258.78081809564577,427.88035048885376,275.259838246086,452.97801019450736,0.8581844210065863,0.7736908187681647,0.8552363196230602,0.7728378610743775,2.518388423434442,4.2364842352778975,2.7070236056751456,4.415121725177214,3.38122828843349,3.761800102194816,3.3999149371142154,3.771181923234577,0.38857987278550615,0.3852982947469188,0.38818939024298316,0.384837187902943,0.6233617511409456,0.6207240085149911,0.6230484654045648,0.6203524706994751,0.9588637991460301,0.9320555726538712,0.9562527734809724,0.9280702386358904
rottenPotato (69).png,rotten,147.6260434503424,266.9950214651446,179.78990337573381,276.70754554401987,0.936234069841267,0.8942499193472568,0.9315309061892615,0.8939621883529084,1.1466219728473575,2.048839426932343,1.3312821061643831,2.109546915031729,1.7526147355624908,1.9364753045597043,1.7747994705845493,1.9391087546208305,0.6563167436742829,0.653200352106603,0.6555443545837129,0.6529527413876391,0.8101337813437253,0.8082081118787431,0.8096569363524979,0.8080549123590792,0.9621678246192489,0.9316842310289711,0.9539251832415709,0.9291990964843008
rottenPotato (7).png,rotten,206.6446612035225,271.78873395858625,189.64555558953032,281.82074976734924,0.8668582903982018,0.8642661055219885,0.894964206286435,0.8642864957807329,3.0035163894324852,3.6726881407470104,2.700365398727984,3.7689117305770123,1.748860871977913,1.7849131091669899,1.6964135819481028,1.7878617106636587,0.7323402634495904,0.7313064800655881,0.7328701347403576,0.7312802229618408,0.8557688142539376,0.8551645923830032,0.8560783461461676,0.8551492401691303,0.9637207465146348,0.9523630205214207,0.9667051684590617,0.9506046881422588
rottenPotato (70).png,rotten,199.83021572284733,306.83255272459894,157.6236851761252,304.17985914575996,0.815518440391868,0.7461676681448841,0.8633610117773572,0.7466064422525167,3.1703193798923675,4.737163996767782,2.4542410714285703,4.6738370334059685,3.856287428067091,4.19390696240527,3.648826868996642,4.188130617434935,0.36365919736850727,0.3609100860683077,0.36405335955608276,0.36084157599412126,0.6030416215888479,0.6007579263466339,0.6033683448409295,0.6007009039398237,0.9811402955151444,0.9710714937340712,0.9851243285787248,0.9713215925652922
rottenPotato (71).png,rotten,133.6850041279354,220.96989901233525,166.40456060420738,212.14219078511485,0.7634009939421881,0.7466342306846948,0.7603205622132407,0.7472657656857522,2.8915996514187867,3.9796607702942306,3.2332818615459873,3.9965724702341046,3.187477277799169,3.277559183642789,3.2126255301287086,3.2784862331915745,0.5093186060249125,0.5071125729882083,0.5083855686639668,0.5077399607064057,0.713665612191671,0.7121183700679321,0.7130116188842694,0.7125587419338884,0.9834344504548603,0.972654609048496,0.9793952457657176,0.9737470525612011
rottenPotato (72).png,rotten,65.96046355185906,94.38648749047374,68.08779507093932,103.51218783629045,0.7614909346635272,0.7463196609872772,0.7590806281636876,0.7441142558756787,2.3274675880626217,3.049743222490722,2.42545254403131,3.178557067413191,3.0955292727050905,3.1746930031721297,3.107657503074308,3.1868226493460687,0.5089480126434702,0.5080063674065356,0.5090286683099638,0.507351069231781,0.7134059241718351,0.7127456540776209,0.7134624505255787,0.7122858058615101,0.985888338403235,0.9798282197148275,0.985428996794594,0.9778779233618384
rottenPotato (73).png,rotten,171.78059258806263,213.75022690630013,173.7245711533757,298.2028446582236,0.7125880237869725,0.6938358987269704,0.7117975431471364,0.6884715447620121,3.514929366438357,4.378364819374926,3.5802463001467704,5.029603134179173,4.055529542472514,4.147108475155515,4.054956937310392,4.175828637609067,0.37491429841059937,0.3743943075885122,0.3756292805373359,0.3737023679578791,0.6123024566426296,0.6118776900562009,0.6128860257318125,0.6113120054095773,0.9840337276689156,0.9801411760154755,0.9838433000101964,0.9722949636617313
rottenPotato (74).png,rotten,132.00435344300388,221.42389543544948,151.27215325342465,221.85084692537168,0.6530370738334048,0.6356207357406212,0.6501120379778023,0.635872035883354,5.0966127996575326,6.850643954335347,5.483106042074363,6.831694884746916,4.275846853443034,4.391248227339204,4.305030629609462,4.389301304785599,0.3739932527424182,0.37186734181744807,0.37309983963790544,0.3721569723369155,0.611549877558992,0.6098092667526857,0.610818990894934,0.6100466968494425,0.9841971187771462,0.9735168661960119,0.9818943450496497,0.9734658011860085
rottenPotato (75).png,rotten,39.94618395303325,62.57796194101584,34.65161753913892,64.73945795244349,0.7049324629491145,0.6799886888497364,0.7103152441456344,0.6795828866414536,2.2527443126223083,2.9681565251358557,2.0211136252446176,3.056314888499967,3.8161438397786243,3.9229984472264996,3.770118945647722,3.936765280973331,0.38175317414537224,0.379464184413748,0.38130963729535877,0.37973710231665053,0.6178617759219065,0.6160066431571563,0.6175027427431872,0.6162281252236468,0.9925711301155449,0.9883733263171695,0.9935557709771019,0.9879717311227574
rottenPotato (8).png,rotten,238.01917961105673,310.8160507963741,186.87638362279841,291.80461165513304,0.7355156167704032,0.7297465699815917,0.7948096621290827,0.7307210417304114,4.251093138454011,5.102645899793583,3.2377767245596862,4.924437329820274,3.2254626724675424,3.28701832198321,3.0889338719810864,3.2797188721452883,0.4962571489484571,0.4944643754593197,0.49653180340439274,0.49466387032997894,0.7044552142957401,0.703181609158914,0.7046501283647032,0.7033234464526111,0.9655674233030711,0.9550922467051629,0.9729672985097946,0.9578390836736755
rottenPotato (9).png,rotten,147.08885763209392,174.81962768218563,85.02683158023486,158.81832560383882,0.7904335137184896,0.7862859482672052,0.8291093131281816,0.788425706172001,3.394867600293542,3.8074762274960645,2.3061322773972606,3.520253062756347,2.69026784766912,2.7270722556022307,2.580464088275666,2.709269616172689,0.5835788377185831,0.5821939782965713,0.5845740891760759,0.5825276881853015,0.763923319266131,0.7630163683018676,0.7645744497274781,0.7632350150414363,0.9824409244574576,0.9791603750922773,0.989849729427141,0.9810678332980232
